{
  "left": 0,
  "top": 0,
  "width": 48,
  "height": 48,
  "rotate": 0,
  "vFlip": false,
  "hFlip": false,
  "body": "<g fill=\"none\" stroke-linecap=\"round\" stroke-linejoin=\"round\" stroke-width=\"4\"><path fill=\"#2F88FF\" stroke=\"#000\" d=\"M39 6H9C7.34315 6 6 7.34315 6 9V39C6 40.6569 7.34315 42 9 42H39C40.6569 42 42 40.6569 42 39V9C42 7.34315 40.6569 6 39 6Z\"/><path stroke=\"#fff\" d=\"M21 31L26 35L34 25\"/><path stroke=\"#fff\" d=\"M14 15H34\"/><path stroke=\"#fff\" d=\"M14 23L22 23\"/></g>"
}
