{
  "left": 0,
  "top": 0,
  "width": 20,
  "height": 20,
  "rotate": 0,
  "vFlip": false,
  "hFlip": false,
  "body": "<g fill=\"none\"><path fill=\"url(#fluentColorDataLine206)\" d=\"M14.916 6.376a.75.75 0 0 1 .208 1.04l-2 3a.75.75 0 0 1-1.248-.832l2-3a.75.75 0 0 1 1.04-.208\"/><path fill=\"url(#fluentColorDataLine200)\" d=\"M14.916 6.376a.75.75 0 0 1 .208 1.04l-2 3a.75.75 0 0 1-1.248-.832l2-3a.75.75 0 0 1 1.04-.208\"/><path fill=\"url(#fluentColorDataLine201)\" d=\"M14.916 6.376a.75.75 0 0 1 .208 1.04l-2 3a.75.75 0 0 1-1.248-.832l2-3a.75.75 0 0 1 1.04-.208\"/><path fill=\"url(#fluentColorDataLine202)\" d=\"M14.916 6.376a.75.75 0 0 1 .208 1.04l-2 3a.75.75 0 0 1-1.248-.832l2-3a.75.75 0 0 1 1.04-.208\"/><path fill=\"url(#fluentColorDataLine207)\" d=\"M10.44 11.955a.75.75 0 0 1-.395.984l-3.5 1.5a.75.75 0 1 1-.59-1.378l3.5-1.5a.75.75 0 0 1 .984.393\"/><path fill=\"url(#fluentColorDataLine203)\" d=\"M10.44 11.955a.75.75 0 0 1-.395.984l-3.5 1.5a.75.75 0 1 1-.59-1.378l3.5-1.5a.75.75 0 0 1 .984.393\"/><path fill=\"url(#fluentColorDataLine204)\" d=\"M10.44 11.955a.75.75 0 0 1-.395.984l-3.5 1.5a.75.75 0 1 1-.59-1.378l3.5-1.5a.75.75 0 0 1 .984.393\"/><path fill=\"url(#fluentColorDataLine205)\" d=\"M10.44 11.955a.75.75 0 0 1-.395.984l-3.5 1.5a.75.75 0 1 1-.59-1.378l3.5-1.5a.75.75 0 0 1 .984.393\"/><circle cx=\"4.5\" cy=\"14.5\" r=\"2.5\" fill=\"url(#fluentColorDataLine208)\"/><circle cx=\"11.5\" cy=\"11.5\" r=\"2.5\" fill=\"url(#fluentColorDataLine209)\"/><circle cx=\"15.5\" cy=\"5.5\" r=\"2.5\" fill=\"url(#fluentColorDataLine20a)\"/><defs><radialGradient id=\"fluentColorDataLine200\" cx=\"0\" cy=\"0\" r=\"1\" gradientTransform=\"matrix(3.278 -.17291 .20435 3.87407 11.5 11.5)\" gradientUnits=\"userSpaceOnUse\"><stop offset=\".549\" stop-color=\"#70777D\"/><stop offset=\"1\" stop-color=\"#70777D\" stop-opacity=\"0\"/></radialGradient><radialGradient id=\"fluentColorDataLine201\" cx=\"0\" cy=\"0\" r=\"1\" gradientTransform=\"matrix(.5 3.5 -4.13644 .59092 15.5 5.5)\" gradientUnits=\"userSpaceOnUse\"><stop offset=\".549\" stop-color=\"#70777D\"/><stop offset=\"1\" stop-color=\"#70777D\" stop-opacity=\"0\"/></radialGradient><radialGradient id=\"fluentColorDataLine202\" cx=\"0\" cy=\"0\" r=\"1\" gradientTransform=\"matrix(3.5 1 -1.18184 4.13645 4.5 14.5)\" gradientUnits=\"userSpaceOnUse\"><stop offset=\".549\" stop-color=\"#70777D\"/><stop offset=\"1\" stop-color=\"#70777D\" stop-opacity=\"0\"/></radialGradient><radialGradient id=\"fluentColorDataLine203\" cx=\"0\" cy=\"0\" r=\"1\" gradientTransform=\"matrix(3.278 -.17291 .20435 3.87407 11.5 11.5)\" gradientUnits=\"userSpaceOnUse\"><stop offset=\".549\" stop-color=\"#70777D\"/><stop offset=\"1\" stop-color=\"#70777D\" stop-opacity=\"0\"/></radialGradient><radialGradient id=\"fluentColorDataLine204\" cx=\"0\" cy=\"0\" r=\"1\" gradientTransform=\"matrix(.5 3.5 -4.13644 .59092 15.5 5.5)\" gradientUnits=\"userSpaceOnUse\"><stop offset=\".549\" stop-color=\"#70777D\"/><stop offset=\"1\" stop-color=\"#70777D\" stop-opacity=\"0\"/></radialGradient><radialGradient id=\"fluentColorDataLine205\" cx=\"0\" cy=\"0\" r=\"1\" gradientTransform=\"matrix(3.5 1 -1.18184 4.13645 4.5 14.5)\" gradientUnits=\"userSpaceOnUse\"><stop offset=\".549\" stop-color=\"#70777D\"/><stop offset=\"1\" stop-color=\"#70777D\" stop-opacity=\"0\"/></radialGradient><linearGradient id=\"fluentColorDataLine206\" x1=\"5.5\" x2=\"16.5\" y1=\"6.25\" y2=\"17\" gradientUnits=\"userSpaceOnUse\"><stop stop-color=\"#B9C0C7\"/><stop offset=\"1\" stop-color=\"#70777D\"/></linearGradient><linearGradient id=\"fluentColorDataLine207\" x1=\"5.5\" x2=\"16.5\" y1=\"6.25\" y2=\"17\" gradientUnits=\"userSpaceOnUse\"><stop stop-color=\"#B9C0C7\"/><stop offset=\"1\" stop-color=\"#70777D\"/></linearGradient><linearGradient id=\"fluentColorDataLine208\" x1=\"2.625\" x2=\"8.003\" y1=\"12.208\" y2=\"18.57\" gradientUnits=\"userSpaceOnUse\"><stop stop-color=\"#36DFF1\"/><stop offset=\"1\" stop-color=\"#0078D4\"/></linearGradient><linearGradient id=\"fluentColorDataLine209\" x1=\"14\" x2=\"6\" y1=\"14\" y2=\"6\" gradientUnits=\"userSpaceOnUse\"><stop stop-color=\"#6D37CD\"/><stop offset=\".641\" stop-color=\"#EA71EF\"/></linearGradient><linearGradient id=\"fluentColorDataLine20a\" x1=\"17.583\" x2=\"14\" y1=\"7.083\" y2=\"3\" gradientUnits=\"userSpaceOnUse\"><stop stop-color=\"#E23CB4\"/><stop offset=\"1\" stop-color=\"#EA71EF\"/></linearGradient></defs></g>"
}
