{
  "left": 0,
  "top": 0,
  "width": 32,
  "height": 32,
  "rotate": 0,
  "vFlip": false,
  "hFlip": false,
  "body": "<g fill=\"none\"><path fill=\"#000\" d=\"M24.1 11.2a1 1 0 0 1 .2 1.4l-3 4a1 1 0 1 1-1.6-1.2l3-4a1 1 0 0 1 1.4-.2\"/><path fill=\"url(#fluentColorDataLine326)\" d=\"M24.1 11.2a1 1 0 0 1 .2 1.4l-3 4a1 1 0 1 1-1.6-1.2l3-4a1 1 0 0 1 1.4-.2\"/><path fill=\"url(#fluentColorDataLine320)\" d=\"M24.1 11.2a1 1 0 0 1 .2 1.4l-3 4a1 1 0 1 1-1.6-1.2l3-4a1 1 0 0 1 1.4-.2\"/><path fill=\"url(#fluentColorDataLine321)\" d=\"M24.1 11.2a1 1 0 0 1 .2 1.4l-3 4a1 1 0 1 1-1.6-1.2l3-4a1 1 0 0 1 1.4-.2\"/><path fill=\"url(#fluentColorDataLine322)\" d=\"M24.1 11.2a1 1 0 0 1 .2 1.4l-3 4a1 1 0 1 1-1.6-1.2l3-4a1 1 0 0 1 1.4-.2\"/><path fill=\"#000\" d=\"M16.949 19.684a1 1 0 0 1-.633 1.265l-6 2a1 1 0 0 1-.632-1.898l6-2a1 1 0 0 1 1.265.633\"/><path fill=\"url(#fluentColorDataLine327)\" d=\"M16.949 19.684a1 1 0 0 1-.633 1.265l-6 2a1 1 0 0 1-.632-1.898l6-2a1 1 0 0 1 1.265.633\"/><path fill=\"url(#fluentColorDataLine323)\" d=\"M16.949 19.684a1 1 0 0 1-.633 1.265l-6 2a1 1 0 0 1-.632-1.898l6-2a1 1 0 0 1 1.265.633\"/><path fill=\"url(#fluentColorDataLine324)\" d=\"M16.949 19.684a1 1 0 0 1-.633 1.265l-6 2a1 1 0 0 1-.632-1.898l6-2a1 1 0 0 1 1.265.633\"/><path fill=\"url(#fluentColorDataLine325)\" d=\"M16.949 19.684a1 1 0 0 1-.633 1.265l-6 2a1 1 0 0 1-.632-1.898l6-2a1 1 0 0 1 1.265.633\"/><path fill=\"#000\" d=\"M7 19a4 4 0 1 0 0 8a4 4 0 0 0 0-8\"/><path fill=\"url(#fluentColorDataLine328)\" d=\"M7 19a4 4 0 1 0 0 8a4 4 0 0 0 0-8\"/><path fill=\"#000\" d=\"M19 15a4 4 0 1 0 0 8a4 4 0 0 0 0-8\"/><path fill=\"url(#fluentColorDataLine329)\" d=\"M19 15a4 4 0 1 0 0 8a4 4 0 0 0 0-8\"/><path fill=\"#000\" d=\"M25 5a4 4 0 1 0 0 8a4 4 0 0 0 0-8\"/><path fill=\"url(#fluentColorDataLine32a)\" d=\"M25 5a4 4 0 1 0 0 8a4 4 0 0 0 0-8\"/><defs><radialGradient id=\"fluentColorDataLine320\" cx=\"0\" cy=\"0\" r=\"1\" gradientTransform=\"matrix(5.5 1 -1.09478 6.02134 7 23)\" gradientUnits=\"userSpaceOnUse\"><stop offset=\".549\" stop-color=\"#70777D\"/><stop offset=\"1\" stop-color=\"#70777D\" stop-opacity=\"0\"/></radialGradient><radialGradient id=\"fluentColorDataLine321\" cx=\"0\" cy=\"0\" r=\"1\" gradientTransform=\"matrix(0 5.5 -7.08693 0 25 9)\" gradientUnits=\"userSpaceOnUse\"><stop offset=\".549\" stop-color=\"#70777D\"/><stop offset=\"1\" stop-color=\"#70777D\" stop-opacity=\"0\"/></radialGradient><radialGradient id=\"fluentColorDataLine322\" cx=\"0\" cy=\"0\" r=\"1\" gradientTransform=\"matrix(6 0 0 5.41767 19 19)\" gradientUnits=\"userSpaceOnUse\"><stop offset=\".549\" stop-color=\"#70777D\"/><stop offset=\"1\" stop-color=\"#70777D\" stop-opacity=\"0\"/></radialGradient><radialGradient id=\"fluentColorDataLine323\" cx=\"0\" cy=\"0\" r=\"1\" gradientTransform=\"matrix(5.5 1 -1.09478 6.02134 7 23)\" gradientUnits=\"userSpaceOnUse\"><stop offset=\".549\" stop-color=\"#70777D\"/><stop offset=\"1\" stop-color=\"#70777D\" stop-opacity=\"0\"/></radialGradient><radialGradient id=\"fluentColorDataLine324\" cx=\"0\" cy=\"0\" r=\"1\" gradientTransform=\"matrix(0 5.5 -7.08693 0 25 9)\" gradientUnits=\"userSpaceOnUse\"><stop offset=\".549\" stop-color=\"#70777D\"/><stop offset=\"1\" stop-color=\"#70777D\" stop-opacity=\"0\"/></radialGradient><radialGradient id=\"fluentColorDataLine325\" cx=\"0\" cy=\"0\" r=\"1\" gradientTransform=\"matrix(6 0 0 5.41767 19 19)\" gradientUnits=\"userSpaceOnUse\"><stop offset=\".549\" stop-color=\"#70777D\"/><stop offset=\"1\" stop-color=\"#70777D\" stop-opacity=\"0\"/></radialGradient><linearGradient id=\"fluentColorDataLine326\" x1=\"9\" x2=\"24.969\" y1=\"11\" y2=\"28.057\" gradientUnits=\"userSpaceOnUse\"><stop stop-color=\"#B9C0C7\"/><stop offset=\"1\" stop-color=\"#70777D\"/></linearGradient><linearGradient id=\"fluentColorDataLine327\" x1=\"9\" x2=\"24.969\" y1=\"11\" y2=\"28.057\" gradientUnits=\"userSpaceOnUse\"><stop stop-color=\"#B9C0C7\"/><stop offset=\"1\" stop-color=\"#70777D\"/></linearGradient><linearGradient id=\"fluentColorDataLine328\" x1=\"4\" x2=\"12.605\" y1=\"19.333\" y2=\"29.513\" gradientUnits=\"userSpaceOnUse\"><stop stop-color=\"#36DFF1\"/><stop offset=\"1\" stop-color=\"#0078D4\"/></linearGradient><linearGradient id=\"fluentColorDataLine329\" x1=\"23\" x2=\"10.2\" y1=\"23\" y2=\"10.2\" gradientUnits=\"userSpaceOnUse\"><stop stop-color=\"#6D37CD\"/><stop offset=\".641\" stop-color=\"#EA71EF\"/></linearGradient><linearGradient id=\"fluentColorDataLine32a\" x1=\"28.333\" x2=\"22.6\" y1=\"11.533\" y2=\"5\" gradientUnits=\"userSpaceOnUse\"><stop stop-color=\"#E23CB4\"/><stop offset=\"1\" stop-color=\"#EA71EF\"/></linearGradient></defs></g>"
}
