{
  "left": 0,
  "top": 0,
  "width": 20,
  "height": 20,
  "rotate": 0,
  "vFlip": false,
  "hFlip": false,
  "body": "<g fill=\"none\"><path fill=\"url(#fluentColorLightbulbCheckmark204)\" d=\"M12.688 16.606c-.185.77-.866 1.329-1.671 1.389l-.143.005H9.126c-.819 0-1.535-.516-1.777-1.261l-.037-.134l-.503-2.105h6.383z\"/><path fill=\"url(#fluentColorLightbulbCheckmark200)\" d=\"M12.688 16.606c-.185.77-.866 1.329-1.671 1.389l-.143.005H9.126c-.819 0-1.535-.516-1.777-1.261l-.037-.134l-.503-2.105h6.383z\"/><path fill=\"url(#fluentColorLightbulbCheckmark205)\" d=\"M6.81 14.5h6.382l.46-1.927a.2.2 0 0 1 .06-.1C15.226 11.075 16 9.51 16 7.801C16 4.597 13.314 2 10 2S4 4.596 4 7.8c0 1.709.775 3.274 2.29 4.672q.045.042.06.1z\"/><path fill=\"url(#fluentColorLightbulbCheckmark206)\" fill-opacity=\".2\" d=\"M6.81 14.5h6.382l.46-1.927a.2.2 0 0 1 .06-.1C15.226 11.075 16 9.51 16 7.801C16 4.597 13.314 2 10 2S4 4.596 4 7.8c0 1.709.775 3.274 2.29 4.672q.045.042.06.1z\"/><path fill=\"url(#fluentColorLightbulbCheckmark201)\" d=\"M6.929 15h6.143l.24-1H6.69z\"/><path fill=\"url(#fluentColorLightbulbCheckmark202)\" d=\"M19 5.5a4.5 4.5 0 1 0-9 0a4.5 4.5 0 0 0 9 0\"/><path fill=\"url(#fluentColorLightbulbCheckmark203)\" fill-rule=\"evenodd\" d=\"M16.854 3.646a.5.5 0 0 1 0 .708l-3 3a.5.5 0 0 1-.708 0l-1-1a.5.5 0 0 1 .708-.708l.646.647l2.646-2.647a.5.5 0 0 1 .708 0\" clip-rule=\"evenodd\"/><defs><linearGradient id=\"fluentColorLightbulbCheckmark200\" x1=\"10\" x2=\"10\" y1=\"14.5\" y2=\"18\" gradientUnits=\"userSpaceOnUse\"><stop stop-color=\"#D34719\"/><stop offset=\"1\" stop-color=\"#D34719\" stop-opacity=\"0\"/></linearGradient><linearGradient id=\"fluentColorLightbulbCheckmark201\" x1=\"9.477\" x2=\"10.231\" y1=\"14.397\" y2=\"16.396\" gradientUnits=\"userSpaceOnUse\"><stop stop-color=\"#FFC7A3\"/><stop offset=\"1\" stop-color=\"#FF9C70\"/></linearGradient><linearGradient id=\"fluentColorLightbulbCheckmark202\" x1=\"10.321\" x2=\"16.532\" y1=\"2.688\" y2=\"9.141\" gradientUnits=\"userSpaceOnUse\"><stop stop-color=\"#52D17C\"/><stop offset=\"1\" stop-color=\"#22918B\"/></linearGradient><linearGradient id=\"fluentColorLightbulbCheckmark203\" x1=\"12.938\" x2=\"13.946\" y1=\"3.908\" y2=\"8.36\" gradientUnits=\"userSpaceOnUse\"><stop stop-color=\"#fff\"/><stop offset=\"1\" stop-color=\"#E3FFD9\"/></linearGradient><radialGradient id=\"fluentColorLightbulbCheckmark204\" cx=\"0\" cy=\"0\" r=\"1\" gradientTransform=\"matrix(3.94518 13.74408 -20.92106 6.0053 6 3.571)\" gradientUnits=\"userSpaceOnUse\"><stop stop-color=\"#FFE06B\"/><stop offset=\".376\" stop-color=\"#FFA43D\"/><stop offset=\"1\" stop-color=\"#E67505\"/></radialGradient><radialGradient id=\"fluentColorLightbulbCheckmark205\" cx=\"0\" cy=\"0\" r=\"1\" gradientTransform=\"matrix(3.94518 13.74408 -20.92106 6.0053 6 3.571)\" gradientUnits=\"userSpaceOnUse\"><stop stop-color=\"#FFE06B\"/><stop offset=\".376\" stop-color=\"#FFA43D\"/><stop offset=\"1\" stop-color=\"#E67505\"/></radialGradient><radialGradient id=\"fluentColorLightbulbCheckmark206\" cx=\"0\" cy=\"0\" r=\"1\" gradientTransform=\"matrix(-5.5 0 0 -12.3755 14.5 5.906)\" gradientUnits=\"userSpaceOnUse\"><stop offset=\".165\" stop-color=\"#741C06\"/><stop offset=\".777\" stop-color=\"#741C06\" stop-opacity=\"0\"/></radialGradient></defs></g>"
}
