{
  "left": 0,
  "top": 0,
  "width": 32,
  "height": 32,
  "rotate": 0,
  "vFlip": false,
  "hFlip": false,
  "body": "<g fill=\"none\"><path fill=\"url(#fluentColorLightbulbCheckmark324)\" d=\"m20.834 25.5l-.412 1.787A3.5 3.5 0 0 1 17.012 30h-2.023a3.5 3.5 0 0 1-3.41-2.713l-.413-1.787z\"/><path fill=\"url(#fluentColorLightbulbCheckmark320)\" d=\"m20.834 25.5l-.412 1.787A3.5 3.5 0 0 1 17.012 30h-2.023a3.5 3.5 0 0 1-3.41-2.713l-.413-1.787z\"/><path fill=\"url(#fluentColorLightbulbCheckmark325)\" d=\"M16 2C10.477 2 6 6.477 6 12a9.98 9.98 0 0 0 3.365 7.482c.343.304.561.645.64.986l.93 4.032h10.13l.93-4.032c.079-.34.297-.682.64-.986A9.98 9.98 0 0 0 26 12c0-5.523-4.477-10-10-10\"/><path fill=\"url(#fluentColorLightbulbCheckmark326)\" fill-opacity=\".2\" d=\"M16 2C10.477 2 6 6.477 6 12a9.98 9.98 0 0 0 3.365 7.482c.343.304.561.645.64.986l.93 4.032h10.13l.93-4.032c.079-.34.297-.682.64-.986A9.98 9.98 0 0 0 26 12c0-5.523-4.477-10-10-10\"/><path fill=\"url(#fluentColorLightbulbCheckmark321)\" d=\"M21.18 24H10.82l.461 2h9.437z\"/><path fill=\"url(#fluentColorLightbulbCheckmark322)\" fill-rule=\"evenodd\" d=\"M30.5 9a7.5 7.5 0 1 0-15 0a7.5 7.5 0 0 0 15 0\" clip-rule=\"evenodd\"/><path fill=\"url(#fluentColorLightbulbCheckmark323)\" fill-rule=\"evenodd\" d=\"M27.53 7.28a.75.75 0 0 0-1.06-1.06l-4.72 4.72l-1.97-1.97a.75.75 0 1 0-1.06 1.06l2.5 2.5a.75.75 0 0 0 1.06 0z\" clip-rule=\"evenodd\"/><defs><linearGradient id=\"fluentColorLightbulbCheckmark320\" x1=\"15.999\" x2=\"16\" y1=\"25.5\" y2=\"30\" gradientUnits=\"userSpaceOnUse\"><stop stop-color=\"#D34719\"/><stop offset=\"1\" stop-color=\"#D34719\" stop-opacity=\"0\"/></linearGradient><linearGradient id=\"fluentColorLightbulbCheckmark321\" x1=\"15.181\" x2=\"16.968\" y1=\"24.794\" y2=\"28.5\" gradientUnits=\"userSpaceOnUse\"><stop stop-color=\"#FFC7A3\"/><stop offset=\"1\" stop-color=\"#FF9C70\"/></linearGradient><linearGradient id=\"fluentColorLightbulbCheckmark322\" x1=\"16.036\" x2=\"26.387\" y1=\"4.313\" y2=\"15.068\" gradientUnits=\"userSpaceOnUse\"><stop stop-color=\"#52D17C\"/><stop offset=\"1\" stop-color=\"#22918B\"/></linearGradient><linearGradient id=\"fluentColorLightbulbCheckmark323\" x1=\"20.234\" x2=\"21.8\" y1=\"6.689\" y2=\"14.263\" gradientUnits=\"userSpaceOnUse\"><stop stop-color=\"#fff\"/><stop offset=\"1\" stop-color=\"#E3FFD9\"/></linearGradient><radialGradient id=\"fluentColorLightbulbCheckmark324\" cx=\"0\" cy=\"0\" r=\"1\" gradientTransform=\"matrix(5.97597 17.6714 -30.78135 10.4094 9.94 11.448)\" gradientUnits=\"userSpaceOnUse\"><stop stop-color=\"#FFE06B\"/><stop offset=\".376\" stop-color=\"#FFA43D\"/><stop offset=\"1\" stop-color=\"#E67505\"/></radialGradient><radialGradient id=\"fluentColorLightbulbCheckmark325\" cx=\"0\" cy=\"0\" r=\"1\" gradientTransform=\"rotate(75.116 1.527 8.482)scale(25.5993 36.4764)\" gradientUnits=\"userSpaceOnUse\"><stop stop-color=\"#FFE06B\"/><stop offset=\".376\" stop-color=\"#FFA43D\"/><stop offset=\"1\" stop-color=\"#E67505\"/></radialGradient><radialGradient id=\"fluentColorLightbulbCheckmark326\" cx=\"0\" cy=\"0\" r=\"1\" gradientTransform=\"matrix(-9 0 0 -9 23 10)\" gradientUnits=\"userSpaceOnUse\"><stop offset=\".165\" stop-color=\"#741C06\"/><stop offset=\"1\" stop-color=\"#741C06\" stop-opacity=\"0\"/></radialGradient></defs></g>"
}
