{
  "left": 0,
  "top": 0,
  "width": 16,
  "height": 16,
  "rotate": 0,
  "vFlip": false,
  "hFlip": false,
  "body": "<g fill=\"none\"><path fill=\"url(#fluentColorPhoneLaptop160)\" d=\"M5.5 10L9 9.5l3.5.5h.264c.155 0 .308.036.447.106l1.342.67A.81.81 0 0 1 15 11.5H3a.81.81 0 0 1 .447-.724l1.342-.67A1 1 0 0 1 5.236 10z\"/><path fill=\"url(#fluentColorPhoneLaptop164)\" d=\"M5.5 10L9 9.5l3.5.5h.264c.155 0 .308.036.447.106l1.342.67A.81.81 0 0 1 15 11.5H3a.81.81 0 0 1 .447-.724l1.342-.67A1 1 0 0 1 5.236 10z\"/><path fill=\"url(#fluentColorPhoneLaptop165)\" d=\"M3.5 11a.5.5 0 0 0 0 1h11a.5.5 0 0 0 0-1z\"/><path fill=\"url(#fluentColorPhoneLaptop166)\" d=\"M4 4.5A1.5 1.5 0 0 1 5.5 3h7A1.5 1.5 0 0 1 14 4.5v4a1.5 1.5 0 0 1-1.5 1.5h-7A1.5 1.5 0 0 1 4 8.5z\"/><path fill=\"url(#fluentColorPhoneLaptop161)\" fill-opacity=\".3\" d=\"M5.5 3A1.5 1.5 0 0 0 4 4.5v4A1.5 1.5 0 0 0 5.5 10h-.264a1 1 0 0 0-.447.106l-1.342.67A.81.81 0 0 0 3 11.5a.5.5 0 0 0 .5.5h11a.5.5 0 0 0 .5-.5a.81.81 0 0 0-.447-.724l-1.342-.67a1 1 0 0 0-.447-.106H12.5A1.5 1.5 0 0 0 14 8.5v-4A1.5 1.5 0 0 0 12.5 3z\"/><path fill=\"url(#fluentColorPhoneLaptop162)\" d=\"M2.5 5A1.5 1.5 0 0 0 1 6.5v6A1.5 1.5 0 0 0 2.5 14h3A1.5 1.5 0 0 0 7 12.5v-6A1.5 1.5 0 0 0 5.5 5z\"/><path fill=\"url(#fluentColorPhoneLaptop163)\" d=\"M4 12.5a.5.5 0 1 1 0-1a.5.5 0 0 1 0 1\"/><defs><radialGradient id=\"fluentColorPhoneLaptop160\" cx=\"0\" cy=\"0\" r=\"1\" gradientTransform=\"matrix(28.82138 8.0742 -6.54088 23.3481 .75 7.5)\" gradientUnits=\"userSpaceOnUse\"><stop stop-color=\"#F08AF4\"/><stop offset=\".265\" stop-color=\"#9C6CFE\"/><stop offset=\".453\" stop-color=\"#4E44DB\"/></radialGradient><radialGradient id=\"fluentColorPhoneLaptop161\" cx=\"0\" cy=\"0\" r=\"1\" gradientTransform=\"matrix(2.5 0 0 5.23437 6 9.5)\" gradientUnits=\"userSpaceOnUse\"><stop offset=\".148\" stop-color=\"#4A43CB\"/><stop offset=\"1\" stop-color=\"#4A43CB\" stop-opacity=\"0\"/></radialGradient><radialGradient id=\"fluentColorPhoneLaptop162\" cx=\"0\" cy=\"0\" r=\"1\" gradientTransform=\"matrix(7.3125 12.99378 -26.28247 14.79098 -.5 1.906)\" gradientUnits=\"userSpaceOnUse\"><stop stop-color=\"#F08AF4\"/><stop offset=\".535\" stop-color=\"#9C6CFE\"/><stop offset=\"1\" stop-color=\"#4E44DB\"/></radialGradient><radialGradient id=\"fluentColorPhoneLaptop163\" cx=\"0\" cy=\"0\" r=\"1\" gradientTransform=\"matrix(.90625 2.43333 -1.90397 .7091 3.344 11.567)\" gradientUnits=\"userSpaceOnUse\"><stop stop-color=\"#DECBFF\"/><stop offset=\"1\" stop-color=\"#D6CFFF\"/></radialGradient><linearGradient id=\"fluentColorPhoneLaptop164\" x1=\"15\" x2=\"13.951\" y1=\"11.976\" y2=\"7.257\" gradientUnits=\"userSpaceOnUse\"><stop stop-color=\"#63686E\"/><stop offset=\"1\" stop-color=\"#889096\"/></linearGradient><linearGradient id=\"fluentColorPhoneLaptop165\" x1=\"15\" x2=\"14.846\" y1=\"11.929\" y2=\"10.084\" gradientUnits=\"userSpaceOnUse\"><stop stop-color=\"#889096\"/><stop offset=\"1\" stop-color=\"#AAB3BD\"/></linearGradient><linearGradient id=\"fluentColorPhoneLaptop166\" x1=\"11\" x2=\"11.408\" y1=\"3\" y2=\"11.007\" gradientUnits=\"userSpaceOnUse\"><stop stop-color=\"#6CE0FF\"/><stop offset=\"1\" stop-color=\"#4894FE\"/></linearGradient></defs></g>"
}
