{
  "left": 0,
  "top": 0,
  "width": 16,
  "height": 16,
  "rotate": 0,
  "vFlip": false,
  "hFlip": false,
  "body": "<g fill=\"none\"><path fill=\"url(#fluentColorSend162)\" d=\"M8.805 8.958L1.994 11l.896-3l-.896-3l6.811 2.042c.95.285.95 1.63 0 1.916\"/><path fill=\"url(#fluentColorSend160)\" d=\"M1.724 1.053a.5.5 0 0 0-.714.545l1.403 4.85a.5.5 0 0 0 .397.354l5.69.953c.268.053.268.437 0 .49l-5.69.953a.5.5 0 0 0-.397.354l-1.403 4.85a.5.5 0 0 0 .714.545l13-6.5a.5.5 0 0 0 0-.894z\"/><path fill=\"url(#fluentColorSend161)\" d=\"M1.724 1.053a.5.5 0 0 0-.714.545l1.403 4.85a.5.5 0 0 0 .397.354l5.69.953c.268.053.268.437 0 .49l-5.69.953a.5.5 0 0 0-.397.354l-1.403 4.85a.5.5 0 0 0 .714.545l13-6.5a.5.5 0 0 0 0-.894z\"/><defs><linearGradient id=\"fluentColorSend160\" x1=\"1\" x2=\"12.99\" y1=\"-4.688\" y2=\"11.244\" gradientUnits=\"userSpaceOnUse\"><stop stop-color=\"#3BD5FF\"/><stop offset=\"1\" stop-color=\"#0094F0\"/></linearGradient><linearGradient id=\"fluentColorSend161\" x1=\"8\" x2=\"11.641\" y1=\"4.773\" y2=\"14.624\" gradientUnits=\"userSpaceOnUse\"><stop offset=\".125\" stop-color=\"#DCF8FF\" stop-opacity=\"0\"/><stop offset=\".769\" stop-color=\"#FF6CE8\" stop-opacity=\".7\"/></linearGradient><radialGradient id=\"fluentColorSend162\" cx=\"0\" cy=\"0\" r=\"1\" gradientTransform=\"matrix(7.43807 0 0 1.12359 .5 8)\" gradientUnits=\"userSpaceOnUse\"><stop stop-color=\"#0094F0\"/><stop offset=\"1\" stop-color=\"#2052CB\"/></radialGradient></defs></g>"
}
